"REPLY_ID","BODY","WRITE_DATE","CONTENT_ID","WRITER_ID"
"1","제출완료!","2015-12-22 02:38:36.0","10","1"
"2","fawef","2015-12-27 23:15:26.0","14","1"
"3","awefawef","2015-12-27 23:15:28.0","14","1"
"4","awef","2015-12-27 23:15:29.0","14","1"
"5","awef","2015-12-27 23:15:30.0","14","1"
"6","awef","2015-12-27 23:15:36.0","14","1"
"7","awef","2015-12-27 23:15:38.0","14","1"
"8","awef","2015-12-27 23:15:39.0","14","1"
"9","awef","2015-12-27 23:15:40.0","14","1"
"10","awef","2015-12-27 23:15:42.0","14","1"
"11","awef","2015-12-27 23:15:44.0","14","1"
"12","awef","2015-12-27 23:15:45.0","14","1"
"13","awef","2015-12-27 23:15:47.0","14","1"
"14","awef","2016-01-01 21:40:09.803","18","1"
"15","awefawef","2016-01-01 21:40:11.601","18","1"
